{"cameraMode":{"drawMode":0,"name":"Shaded","section":"Shading Mode"},"sceneLighting":false,"audioPlay":false,"sceneViewState":{"m_AlwaysRefresh":false,"showFog":true,"showSkybox":false,"showFlares":true,"showImageEffects":true,"showParticleSystems":true,"showVisualEffectGraphs":true,"m_FxEnabled":true},"in2DMode":false,"pivot":{"x":0.014074648730456829,"y":0.024969058111310006,"z":0.171688050031662},"rotation":{"x":-0.0018088321667164565,"y":0.02159486711025238,"z":-0.00004597354927682318,"w":-0.999782919883728},"size":0.20239710807800294,"orthographic":false}