{"cameraMode":{"drawMode":0,"name":"Shaded","section":"Shading Mode"},"sceneLighting":false,"audioPlay":false,"sceneViewState":{"m_AlwaysRefresh":false,"showFog":true,"showSkybox":false,"showFlares":true,"showImageEffects":true,"showParticleSystems":true,"showVisualEffectGraphs":true,"m_FxEnabled":true},"in2DMode":false,"pivot":{"x":-0.0318106934428215,"y":-0.09534858912229538,"z":1.0887240171432496},"rotation":{"x":0.05363205075263977,"y":-0.035345450043678287,"z":-0.0019028253154829145,"w":-0.9979478120803833},"size":0.16933950781822205,"orthographic":false}