{"cameraMode":{"drawMode":0,"name":"Shaded","section":"Shading Mode"},"sceneLighting":false,"audioPlay":false,"sceneViewState":{"m_AlwaysRefresh":false,"showFog":true,"showSkybox":false,"showFlares":true,"showImageEffects":true,"showParticleSystems":true,"showVisualEffectGraphs":true,"m_FxEnabled":true},"in2DMode":false,"pivot":{"x":-0.2295999825000763,"y":-0.05829999968409538,"z":-0.0009999996982514859},"rotation":{"x":0.048694007098674777,"y":-0.3582431674003601,"z":-0.018718142062425615,"w":-0.9321842193603516},"size":0.02789265476167202,"orthographic":false}