{"cameraMode":{"drawMode":0,"name":"Shaded","section":"Shading Mode"},"sceneLighting":false,"audioPlay":false,"sceneViewState":{"m_AlwaysRefresh":false,"showFog":true,"showSkybox":false,"showFlares":true,"showImageEffects":true,"showParticleSystems":true,"showVisualEffectGraphs":true,"m_FxEnabled":true},"in2DMode":false,"pivot":{"x":-0.5613793730735779,"y":0.25616154074668887,"z":-2.1669633388519289},"rotation":{"x":0.0494554229080677,"y":0.03145665302872658,"z":-0.0015585193177685142,"w":0.9982829093933106},"size":0.6723141670227051,"orthographic":true}